city,date,no2,o3,pm10,pm25
Berlin,2024-09-04,7.14,107.0,46.8,16.9
Berlin,2024-09-05,12.1,76.5,54.2,20.8
Berlin,2024-09-06,8.87,111.0,41.2,17.9
Berlin,2024-09-07,11.4,91.8,23.2,11.1
Berlin,2024-09-08,13.4,66.4,19.6,13.0
Berlin,2024-09-09,8.47,68.1,11.7,6.82
Berlin,2024-09-10,14.8,52.8,9.67,6.96
Berlin,2024-09-11,20.8,39.5,9.38,5.61
Berlin,2024-09-12,14.7,42.8,9.38,5.03
Berlin,2024-09-13,8.8,72.0,11.1,4.66
Berlin,2024-09-14,6.92,60.5,7.22,4.12
Berlin,2024-09-15,7.37,45.1,17.5,11.4
Berlin,2024-09-16,5.5,60.4,37.4,25.8
Berlin,2024-09-17,10.1,68.1,45.7,31.0
Berlin,2024-09-18,10.1,64.3,33.7,20.7
Berlin,2024-09-19,11.7,77.6,36.9,17.8
Berlin,2024-09-20,9.07,85.1,32.2,17.5
Berlin,2024-09-21,10.1,80.8,31.9,20.1
Berlin,2024-09-22,25.3,48.7,34.0,17.7
Berlin,2024-09-23,20.4,40.9,22.2,14.9
Berlin,2024-09-24,13.1,50.3,10.4,7.29
Berlin,2024-09-25,11.7,49.6,8.58,5.52
Berlin,2024-09-26,7.05,68.8,8.49,4.35
Berlin,2024-09-27,10.3,65.6,8.15,4.53
Berlin,2024-09-28,11.1,51.0,9.2,5.75
Berlin,2024-09-29,9.24,56.4,9.47,5.71
Berlin,2024-09-30,13.1,35.1,13.5,10.4
Berlin,2024-10-01,15.2,27.8,16.2,12.4
Berlin,2024-10-02,9.14,43.0,7.4,5.08
Berlin,2024-10-03,9.3,48.7,7.16,4.59
Berlin,2024-10-04,11.4,37.1,9.99,6.89
Berlin,2024-10-05,11.0,33.5,14.4,11.1
Berlin,2024-10-06,15.9,20.7,17.3,13.2
Berlin,2024-10-07,25.1,8.77,17.7,13.3
Berlin,2024-10-08,13.1,45.7,10.2,5.84
Berlin,2024-10-09,9.39,53.5,8.7,5.18
Berlin,2024-10-10,22.1,39.3,14.0,9.22
Berlin,2024-10-11,16.8,38.4,12.4,8.4
Berlin,2024-10-12,5.17,56.0,7.91,5.19
Berlin,2024-10-13,23.2,35.7,12.8,8.12
Berlin,2024-10-14,18.9,42.8,12.2,6.8
Berlin,2024-10-15,10.8,52.8,14.8,9.93
Berlin,2024-10-16,16.8,42.5,18.0,11.6
Berlin,2024-10-17,16.7,36.3,24.3,15.5
Berlin,2024-10-18,17.4,34.6,22.5,15.4
Berlin,2024-10-19,18.0,32.8,24.5,17.3
Berlin,2024-10-20,15.0,22.0,19.5,13.5
Berlin,2024-10-21,20.7,9.6,23.6,16.1
Berlin,2024-10-22,26.9,23.1,21.4,13.8
Berlin,2024-10-23,17.8,26.6,21.5,15.1
Berlin,2024-10-24,23.0,19.8,29.2,21.4
Berlin,2024-10-25,24.6,12.0,34.9,27.5
Berlin,2024-10-26,16.2,15.2,27.0,21.8
Berlin,2024-10-27,21.4,10.1,21.6,16.2
Berlin,2024-10-28,17.3,28.2,18.1,13.3
Berlin,2024-10-29,13.6,25.5,14.6,10.6
Berlin,2024-10-30,12.0,42.6,11.5,7.78
Berlin,2024-10-31,13.5,27.6,25.9,21.0
Berlin,2024-11-01,17.1,45.7,16.4,10.7
Berlin,2024-11-02,26.1,26.7,23.3,18.1
Berlin,2024-11-03,21.3,22.6,17.3,13.4
Berlin,2024-11-04,21.2,13.9,25.0,20.1
Berlin,2024-11-05,20.1,4.19,25.7,20.3
Berlin,2024-11-06,16.7,12.8,10.6,8.22
Berlin,2024-11-07,11.5,27.8,19.5,16.3
Berlin,2024-11-08,10.7,27.1,35.4,31.6
Berlin,2024-11-09,23.8,7.49,32.2,27.7
Berlin,2024-11-10,17.1,2.85,28.1,23.2
Berlin,2024-11-11,15.8,6.73,22.2,18.7
Berlin,2024-11-12,25.7,9.28,19.4,14.8
Berlin,2024-11-13,20.5,21.9,14.2,10.7
Berlin,2024-11-14,20.1,31.0,22.3,13.7
Berlin,2024-11-16,6.48,42.0,13.7,11.2
Berlin,2024-11-17,12.3,50.5,8.41,5.25
Berlin,2024-11-18,18.4,27.3,9.94,7.57
Berlin,2024-11-19,12.6,48.1,9.72,7.88
Berlin,2024-11-20,14.6,41.7,11.0,8.58
Berlin,2024-11-21,15.1,34.9,13.4,10.7
Berlin,2024-11-22,13.0,40.4,11.5,9.01
Berlin,2024-11-23,12.0,43.0,10.2,7.17
Berlin,2024-11-24,22.5,27.7,17.2,10.2
Berlin,2024-11-25,23.7,29.8,17.1,12.1
Berlin,2024-11-26,20.0,23.1,14.6,10.8
Berlin,2024-11-27,8.61,47.5,5.74,4.08
Berlin,2024-11-28,13.9,35.7,8.79,6.54
Berlin,2024-11-29,16.7,27.0,13.9,11.6
Berlin,2024-11-30,19.8,11.1,21.2,18.7
Berlin,2024-12-01,20.1,13.7,18.4,15.5
Berlin,2024-12-02,19.4,19.8,16.9,13.7
Berlin,2024-12-03,12.6,34.6,12.2,9.05
Berlin,2024-12-04,17.6,32.0,14.9,12.0
Berlin,2024-12-05,26.4,25.1,14.0,11.4
Berlin,2024-12-06,14.7,30.9,11.3,8.63
Berlin,2024-12-07,11.9,26.3,19.7,17.1
Berlin,2024-12-08,10.2,14.6,13.3,11.2
Berlin,2024-12-09,9.17,25.9,19.1,15.9
Berlin,2024-12-10,13.4,36.8,15.2,12.4
Berlin,2024-12-11,21.6,28.4,21.7,17.2
Berlin,2024-12-12,15.2,31.0,17.7,14.8
Berlin,2024-12-13,15.9,17.9,24.1,21.2
Berlin,2024-12-14,10.4,41.1,12.2,10.1
Berlin,2024-12-15,9.19,45.3,6.2,4.5
Berlin,2024-12-16,11.9,49.8,12.3,8.85
Berlin,2024-12-17,14.4,39.6,11.9,8.7
Berlin,2024-12-18,8.59,54.8,7.41,5.09
Berlin,2024-12-19,10.2,59.5,12.1,7.8
Berlin,2024-12-20,11.1,41.5,11.2,8.73
Berlin,2024-12-21,8.78,49.3,8.66,6.45
Berlin,2024-12-22,11.2,51.6,10.9,7.85
Berlin,2024-12-23,16.5,35.1,12.5,9.25
Berlin,2024-12-24,17.3,21.0,21.2,17.2
Berlin,2024-12-25,15.2,13.2,16.2,13.2
Berlin,2024-12-26,19.4,8.94,14.2,10.3
Berlin,2024-12-27,20.1,1.82,24.2,18.5
Berlin,2024-12-28,23.6,3.94,24.7,21.2
Berlin,2024-12-29,15.6,19.7,18.3,16.1
Berlin,2024-12-30,14.9,21.6,24.0,21.0
Berlin,2024-12-31,8.26,47.5,20.6,16.9
Berlin,2025-01-01,11.1,55.9,10.5,6.98
Berlin,2025-01-02,10.3,60.7,7.9,5.49
Berlin,2025-01-03,14.7,50.2,13.9,11.1
Berlin,2025-01-04,21.7,31.4,17.5,15.2
Berlin,2025-01-05,18.1,36.6,11.2,8.61
Berlin,2025-01-06,10.4,59.3,7.81,4.57
Berlin,2025-01-07,16.1,44.5,9.86,7.16
Berlin,2025-01-08,21.5,25.2,11.6,9.54
Berlin,2025-01-09,18.2,39.4,12.0,9.9
Berlin,2025-01-10,10.9,44.8,8.99,6.63
Berlin,2025-01-11,8.91,59.5,7.36,4.89
Berlin,2025-01-12,25.5,43.0,10.8,8.17
Berlin,2025-01-13,26.5,31.2,21.2,16.6
Berlin,2025-01-14,19.1,35.6,15.5,12.6
Berlin,2025-01-15,12.3,43.9,14.7,12.1
Berlin,2025-01-16,21.8,15.8,22.3,17.8
Berlin,2025-01-17,31.9,4.54,25.1,19.5
Berlin,2025-01-18,17.3,12.3,24.8,21.4
Berlin,2025-01-19,29.1,9.82,37.1,33.0
Berlin,2025-01-20,35.5,6.06,28.6,25.3
Berlin,2025-01-21,29.7,8.5,29.5,23.7
Berlin,2025-01-22,21.4,24.4,17.5,14.9
Berlin,2025-01-23,15.0,41.0,11.3,9.01
Berlin,2025-01-24,19.1,40.7,10.7,7.63
Berlin,2025-01-25,13.4,38.3,10.6,8.55
Berlin,2025-01-26,23.1,38.8,8.06,5.93
Berlin,2025-01-27,25.2,33.1,11.4,8.67
Berlin,2025-01-28,14.1,41.3,8.85,6.51
Berlin,2025-01-29,22.1,30.5,12.1,8.2
Berlin,2025-01-30,11.1,57.0,10.6,6.87
Berlin,2025-01-31,22.4,34.9,19.3,14.4
Berlin,2025-02-01,17.8,44.5,15.0,11.6
Berlin,2025-02-02,32.4,30.1,21.6,16.3
Berlin,2025-02-03,35.3,12.4,36.8,30.3
Berlin,2025-02-04,30.6,11.5,26.8,22.5
Berlin,2025-02-05,15.3,35.7,16.4,13.1
Berlin,2025-02-06,8.11,50.5,17.5,13.9
Berlin,2025-02-07,10.2,34.0,31.2,25.9
Berlin,2025-02-08,13.8,25.9,40.5,35.4
Berlin,2025-02-09,13.5,20.9,46.2,39.7
Berlin,2025-02-10,13.7,40.5,37.4,29.5
Berlin,2025-02-11,14.2,22.7,49.9,42.5
Berlin,2025-02-12,22.8,10.1,55.9,49.5
Berlin,2025-02-13,17.4,42.4,19.0,16.0
Berlin,2025-02-14,21.4,46.9,12.1,9.77
Berlin,2025-02-15,20.2,48.8,16.2,13.2
Berlin,2025-02-16,34.8,38.4,16.2,11.3
Berlin,2025-02-17,54.3,22.2,25.1,16.1
Berlin,2025-02-18,44.9,30.7,27.2,20.2
Berlin,2025-02-19,26.3,55.6,29.6,22.7
Berlin,2025-02-20,30.3,36.3,38.2,30.8
Berlin,2025-02-21,18.9,59.5,32.2,25.5
Berlin,2025-02-22,28.9,38.6,28.6,23.2
Berlin,2025-02-23,28.7,30.9,23.2,16.3
Berlin,2025-02-24,18.3,46.9,19.8,14.2
Berlin,2025-02-25,23.0,7.17,26.8,23.7
Berlin,2025-02-26,15.7,33.2,22.7,18.2
Berlin,2025-02-27,19.4,32.4,17.4,14.4
Berlin,2025-02-28,4.09,69.4,7.13,5.49
Berlin,2025-03-01,8.55,57.4,16.1,13.3
Berlin,2025-03-02,12.9,69.6,17.3,11.0
Berlin,2025-03-03,31.6,55.5,26.3,18.7
Berlin,2025-03-04,31.7,50.2,23.5,15.0
Berlin,2025-03-05,35.8,47.3,31.7,19.2
Berlin,2025-03-06,48.9,39.0,42.3,24.2
Berlin,2025-03-07,21.6,75.8,33.8,24.3
Berlin,2025-03-08,26.8,71.1,55.0,40.0
Berlin,2025-03-09,47.0,49.0,65.3,46.2
Berlin,2025-03-10,28.3,34.0,53.0,42.8
Berlin,2025-03-11,20.5,38.1,34.2,26.1
Berlin,2025-03-12,20.8,42.7,18.3,12.8
Berlin,2025-03-13,21.8,43.6,19.4,12.9
Berlin,2025-03-14,11.3,45.6,24.6,20.9
Berlin,2025-03-15,14.4,52.3,21.1,17.4
Berlin,2025-03-16,9.7,67.1,7.85,4.05
Berlin,2025-03-17,28.9,49.7,14.8,7.9
Berlin,2025-03-18,47.7,30.7,34.1,17.4
Berlin,2025-03-19,45.7,34.6,41.0,20.4
Berlin,2025-03-20,33.4,56.1,45.0,22.4
Berlin,2025-03-21,8.09,82.2,33.9,19.3
Berlin,2025-03-22,10.1,77.5,32.7,23.5
Berlin,2025-03-23,15.3,61.6,35.7,24.0
Berlin,2025-03-24,20.0,44.9,42.8,31.5
Berlin,2025-03-25,17.7,46.8,16.4,11.3
Berlin,2025-03-26,19.1,32.2,19.2,14.5
Berlin,2025-03-27,19.5,44.2,23.6,16.1
Berlin,2025-03-28,15.2,55.4,29.3,20.4
Berlin,2025-03-29,15.5,54.8,13.2,9.51
Berlin,2025-03-30,10.5,55.4,11.2,8.16
Berlin,2025-03-31,8.87,56.9,11.8,7.96
Berlin,2025-04-01,11.2,56.7,19.6,13.3
Berlin,2025-04-02,13.7,60.4,18.4,6.62
Berlin,2025-04-03,23.1,52.4,19.7,7.92
Berlin,2025-04-04,7.02,72.2,13.4,6.4
Berlin,2025-04-05,5.44,77.6,8.26,3.46
Berlin,2025-04-06,11.9,68.5,10.6,4.09
Berlin,2025-04-07,12.3,69.6,16.0,6.36
Berlin,2025-04-08,15.4,66.8,20.5,8.31
Berlin,2025-04-09,6.39,72.1,21.2,11.2
Berlin,2025-04-10,15.3,71.6,31.5,16.3
Berlin,2025-04-11,21.7,51.8,26.6,15.9
Berlin,2025-04-12,13.5,63.9,24.9,14.7
Berlin,2025-04-13,17.3,70.1,21.5,11.4
Berlin,2025-04-14,7.77,76.5,24.2,11.8
Berlin,2025-04-15,9.43,65.7,18.0,9.32
Berlin,2025-04-16,10.3,74.0,37.9,15.6
Berlin,2025-04-17,9.0,36.2,21.4,15.9
Berlin,2025-04-18,7.87,44.9,11.1,8.82
Berlin,2025-04-19,9.15,54.3,19.0,15.9
Berlin,2025-04-20,15.9,56.2,18.2,14.6
Berlin,2025-04-21,18.2,34.1,13.3,9.75
Berlin,2025-04-22,11.1,74.9,20.1,14.1
Berlin,2025-04-23,8.87,26.7,14.0,8.31
Berlin,2025-04-24,6.7,-1.0,14.3,8.48
Berlin,2025-04-25,5.59,-1.0,11.1,5.33
Berlin,2025-04-26,5.6,-1.0,14.1,6.67
Berlin,2025-04-27,14.1,-1.0,22.0,8.62
Berlin,2025-04-28,25.2,-1.0,21.6,9.63
Berlin,2025-04-29,14.7,-1.0,16.1,6.58
Berlin,2025-04-30,11.1,-1.0,16.8,7.77
Berlin,2025-05-01,16.8,-1.0,22.1,10.7
Berlin,2025-05-03,5.1,-1.0,9.78,4.42
Berlin,2025-05-04,5.14,-1.0,12.0,3.91
Berlin,2025-05-05,12.2,-1.0,13.4,5.52
Berlin,2025-05-06,7.17,-1.0,12.8,5.41
Berlin,2025-05-07,7.35,-1.0,11.5,5.0
Berlin,2025-05-08,13.7,-1.0,18.8,7.45
Berlin,2025-05-09,9.33,-1.0,14.1,6.88
Berlin,2025-05-10,4.91,-1.0,11.8,7.08
Berlin,2025-05-11,7.95,-1.0,22.3,7.8
Berlin,2025-05-12,12.1,-1.0,25.6,9.08
Berlin,2025-05-13,17.0,-1.0,27.3,8.84
Berlin,2025-05-14,5.23,-1.0,26.0,6.61
Berlin,2025-05-15,10.3,-1.0,13.4,6.79
Berlin,2025-05-16,13.9,-1.0,12.2,6.79
Berlin,2025-05-17,9.37,-1.0,8.61,5.37
Berlin,2025-05-18,9.0,-1.0,11.8,7.15
Berlin,2025-05-19,17.6,-1.0,19.3,10.2
Berlin,2025-05-20,12.1,-1.0,20.6,9.02
Berlin,2025-05-21,6.26,-1.0,22.0,8.34
Berlin,2025-05-22,8.82,-1.0,9.99,5.0
Berlin,2025-05-23,9.8,-1.0,11.4,6.63
Berlin,2025-05-24,9.21,-1.0,13.0,8.94
Berlin,2025-05-25,11.2,-1.0,14.8,8.84
Berlin,2025-05-26,12.1,-1.0,20.2,10.3
Berlin,2025-05-27,8.45,-1.0,9.9,6.09
Berlin,2025-05-28,5.02,-1.0,9.69,5.93
Berlin,2025-05-29,8.76,-1.0,13.9,8.89
Berlin,2025-05-30,13.7,-1.0,14.7,9.01
Berlin,2025-05-31,6.79,-1.0,13.1,8.51
Berlin,2025-06-01,11.0,-1.0,20.4,12.7
Berlin,2025-06-02,10.4,-1.0,16.3,8.89
Berlin,2025-06-03,12.5,-1.0,22.6,13.0
Berlin,2025-06-04,9.12,-1.0,14.0,8.34
Berlin,2025-06-05,7.76,-1.0,13.7,6.56
Berlin,2025-06-06,7.76,-1.0,10.5,6.33
Berlin,2025-06-07,2.53,-1.0,13.5,7.82
Berlin,2025-06-08,6.98,-1.0,11.4,7.37
Berlin,2025-06-09,13.6,-1.0,20.6,15.6
Berlin,2025-06-10,6.27,-1.0,15.1,9.24
Berlin,2025-06-11,8.46,-1.0,13.0,7.31
Berlin,2025-06-12,6.32,-1.0,14.0,5.5
Berlin,2025-06-13,4.58,-1.0,13.0,7.56
Berlin,2025-06-14,6.14,-1.0,17.7,11.4
Berlin,2025-06-15,4.58,-1.0,14.1,7.97
Berlin,2025-06-16,6.53,-1.0,12.0,7.29
Berlin,2025-06-17,13.2,-1.0,23.2,11.6
Berlin,2025-06-18,4.79,-1.0,16.3,8.24
Berlin,2025-06-19,8.11,-1.0,18.3,7.27
Berlin,2025-06-20,11.2,-1.0,17.3,7.86
Berlin,2025-06-21,22.8,-1.0,22.0,12.7
Berlin,2025-06-22,7.8,-1.0,24.7,8.88
Berlin,2025-06-23,7.49,-1.0,19.5,7.09
Berlin,2025-06-24,8.47,-1.0,12.8,7.71
Berlin,2025-06-25,8.69,-1.0,14.2,7.06
Berlin,2025-06-26,6.92,-1.0,13.5,7.86
Berlin,2025-06-27,9.11,-1.0,13.8,8.26
Berlin,2025-06-28,6.35,-1.0,12.5,6.46
Berlin,2025-06-29,7.91,-1.0,15.6,7.33
Berlin,2025-06-30,9.02,-1.0,17.8,7.29
Berlin,2025-07-01,11.6,-1.0,20.3,6.96
Berlin,2025-07-02,7.78,-1.0,20.9,7.87
Berlin,2025-07-03,6.62,-1.0,13.7,5.38
Berlin,2025-07-04,14.7,-1.0,18.4,7.95
Berlin,2025-07-05,7.56,-1.0,14.2,5.79
Berlin,2025-07-06,7.81,-1.0,9.38,4.9
Berlin,2025-07-07,6.98,-1.0,12.7,6.48
Berlin,2025-07-08,6.23,-1.0,11.1,6.26
Berlin,2025-07-09,8.12,-1.0,13.0,8.22
Berlin,2025-07-10,9.54,-1.0,12.4,6.48
Berlin,2025-07-11,7.05,-1.0,10.7,7.74
Berlin,2025-07-12,6.52,-1.0,12.3,8.05
Berlin,2025-07-13,14.1,-1.0,17.0,10.1
Berlin,2025-07-14,15.9,-1.0,16.9,11.7
Berlin,2025-07-15,12.5,-1.0,13.8,8.05
Berlin,2025-07-16,12.4,-1.0,15.0,9.98
Berlin,2025-07-17,8.39,-1.0,16.4,9.57
Berlin,2025-07-18,18.0,-1.0,19.4,12.2
Berlin,2025-07-19,5.05,-1.0,18.3,10.8
Berlin,2025-07-20,12.0,-1.0,18.3,11.5
Berlin,2025-07-21,8.26,-1.0,12.7,7.82
Berlin,2025-07-22,11.6,-1.0,15.7,10.3
Berlin,2025-07-23,10.9,-1.0,15.0,9.49
Berlin,2025-07-24,9.65,-1.0,13.4,9.54
Berlin,2025-07-25,5.82,-1.0,12.4,8.19
Berlin,2025-07-26,13.6,-1.0,13.9,9.34
Berlin,2025-07-27,5.55,39.3,14.3,8.36
Berlin,2025-07-28,6.99,55.2,12.9,6.53
Berlin,2025-07-29,8.99,54.4,11.3,6.11
Berlin,2025-07-30,8.26,52.5,12.7,7.98
Berlin,2025-07-31,10.0,52.0,12.5,8.53
Berlin,2025-08-01,8.99,48.8,11.9,8.05
Berlin,2025-08-02,7.66,45.0,10.1,6.89
Berlin,2025-08-03,8.94,47.1,12.2,8.3
Berlin,2025-08-04,8.74,47.5,13.7,8.38
Berlin,2025-08-05,8.71,53.1,11.9,6.53
Berlin,2025-08-06,17.3,52.2,17.4,9.29
Berlin,2025-08-07,17.7,67.9,21.8,9.24
Berlin,2025-08-08,20.4,68.7,22.8,12.7
Berlin,2025-08-09,5.39,76.4,18.8,9.16
Berlin,2025-08-10,13.0,61.9,19.3,8.47
Berlin,2025-08-11,13.5,72.9,20.5,9.06
Berlin,2025-08-12,7.48,101.0,25.0,9.33
Berlin,2025-08-13,10.5,105.0,32.8,12.1
Berlin,2025-08-14,13.3,107.0,37.4,16.0
Berlin,2025-08-15,5.3,76.1,22.1,11.0
Berlin,2025-08-16,4.28,60.7,19.6,8.48
Berlin,2025-08-17,9.23,60.1,13.2,4.86
Berlin,2025-08-18,14.2,59.0,18.5,7.58
Berlin,2025-08-19,7.65,64.5,20.5,9.55
Berlin,2025-08-20,8.32,61.1,16.9,5.07
Berlin,2025-08-21,5.94,60.9,17.3,5.37
Berlin,2025-08-22,4.61,61.2,9.54,3.85
Berlin,2025-08-23,6.79,48.7,10.8,5.56
Berlin,2025-08-24,9.0,57.6,15.5,7.27
Berlin,2025-08-25,14.9,53.4,15.8,7.1
Berlin,2025-08-26,17.7,69.7,33.4,11.4
Berlin,2025-08-27,17.7,38.8,25.6,18.7
Berlin,2025-08-28,14.8,27.3,22.7,16.8
Berlin,2025-08-29,14.0,34.9,19.6,13.3
Berlin,2025-08-30,15.2,42.4,13.4,8.74
Berlin,2025-08-31,12.8,60.1,15.4,8.27
Berlin,2025-09-01,14.1,35.3,10.9,7.5
Berlin,2025-09-02,10.8,45.0,11.4,5.99
Hamburg,2024-09-04,27.0,83.8,45.8,18.0
Hamburg,2024-09-05,40.0,77.1,40.4,17.5
Hamburg,2024-09-06,103.0,55.4,75.1,25.6
Hamburg,2024-09-07,23.6,71.1,28.6,14.1
Hamburg,2024-09-08,31.9,53.3,12.4,6.37
Hamburg,2024-09-09,25.4,50.3,20.3,10.5
Hamburg,2024-09-10,36.5,27.7,6.99,3.88
Hamburg,2024-09-11,45.3,24.7,9.31,6.6
Hamburg,2024-09-12,38.4,29.9,8.17,5.2
Hamburg,2024-09-13,24.7,69.9,11.5,4.32
Hamburg,2024-09-14,36.1,54.9,12.7,5.74
Hamburg,2024-09-15,37.9,49.0,17.6,6.48
Hamburg,2024-09-16,21.5,48.9,17.1,8.4
Hamburg,2024-09-17,33.7,69.7,34.9,22.0
Hamburg,2024-09-18,32.3,65.8,34.2,19.5
Hamburg,2024-09-19,33.8,61.5,39.3,19.5
Hamburg,2024-09-20,35.7,75.6,34.4,17.8
Hamburg,2024-09-21,36.0,78.7,30.3,15.9
Hamburg,2024-09-22,56.3,36.7,40.8,20.1
Hamburg,2024-09-23,39.7,28.3,23.6,15.9
Hamburg,2024-09-24,37.4,48.0,15.7,11.8
Hamburg,2024-09-25,22.3,37.9,9.29,5.38
Hamburg,2024-09-26,18.1,58.2,8.32,4.09
Hamburg,2024-09-27,36.9,57.3,7.56,4.35
Hamburg,2024-09-28,22.4,55.5,7.34,3.94
Hamburg,2024-09-29,24.3,56.6,12.9,4.23
Hamburg,2024-09-30,29.8,28.9,12.3,7.17
Hamburg,2024-10-01,35.7,46.9,13.8,4.63
Hamburg,2024-10-02,26.8,43.9,9.25,3.19
Hamburg,2024-10-03,40.7,28.8,14.0,6.45
Hamburg,2024-10-04,46.8,31.4,18.5,9.49
Hamburg,2024-10-05,31.8,31.8,18.9,10.4
Hamburg,2024-10-06,24.7,25.0,14.0,10.1
Hamburg,2024-10-07,42.3,6.85,17.2,9.65
Hamburg,2024-10-08,28.8,24.3,11.6,7.07
Hamburg,2024-10-09,19.8,54.7,10.5,4.73
Hamburg,2024-10-10,28.8,43.9,9.12,5.21
Hamburg,2024-10-11,32.1,27.6,14.3,5.99
Hamburg,2024-10-12,15.6,63.7,6.82,3.97
Hamburg,2024-10-13,36.9,35.6,12.3,6.31
Hamburg,2024-10-14,42.5,37.7,18.3,5.77
Hamburg,2024-10-15,22.9,50.1,15.5,7.3
Hamburg,2024-10-16,23.6,30.5,19.7,10.4
Hamburg,2024-10-17,36.4,10.7,32.3,15.3
Hamburg,2024-10-18,24.5,13.3,26.2,18.1
Hamburg,2024-10-19,26.1,23.8,11.9,6.72
Hamburg,2024-10-20,20.9,38.1,12.5,7.04
Hamburg,2024-10-21,31.5,33.0,9.83,4.79
Hamburg,2024-10-22,35.3,18.2,21.8,14.9
Hamburg,2024-10-23,39.4,20.1,22.6,9.88
Hamburg,2024-10-24,34.0,19.7,25.2,15.8
Hamburg,2024-10-25,31.2,10.9,28.2,19.1
Hamburg,2024-10-26,27.6,28.0,18.3,13.3
Hamburg,2024-10-27,36.0,17.3,18.3,12.7
Hamburg,2024-10-28,29.5,13.0,19.3,14.9
Hamburg,2024-10-29,32.7,33.4,11.9,7.49
Hamburg,2024-10-30,16.4,42.8,8.8,6.52
Hamburg,2024-10-31,16.7,39.1,18.7,14.3
Hamburg,2024-11-01,36.8,51.2,17.2,8.78
Hamburg,2024-11-02,34.9,28.5,21.8,15.4
Hamburg,2024-11-03,29.5,21.3,16.9,10.3
Hamburg,2024-11-04,22.5,30.6,15.6,10.2
Hamburg,2024-11-05,35.9,8.49,26.8,20.6
Hamburg,2024-11-06,31.7,12.6,14.7,7.7
Hamburg,2024-11-07,25.8,30.3,16.7,9.64
Hamburg,2024-11-08,23.4,25.5,50.7,40.3
Hamburg,2024-11-09,21.0,11.5,37.0,30.4
Hamburg,2024-11-10,30.0,3.78,24.7,16.2
Hamburg,2024-11-11,31.6,7.5,26.0,19.5
Hamburg,2024-11-12,36.3,7.62,14.9,11.1
Hamburg,2024-11-13,34.8,54.1,19.5,9.99
Hamburg,2024-11-14,27.2,57.2,38.2,14.8
Hamburg,2024-11-16,13.9,47.9,6.76,5.93
Hamburg,2024-11-17,23.9,55.0,3.84,2.44
Hamburg,2024-11-18,39.4,32.2,9.95,6.86
Hamburg,2024-11-19,27.8,48.1,5.86,6.54
Hamburg,2024-11-20,28.9,37.9,7.81,7.49
Hamburg,2024-11-21,30.2,36.0,10.4,8.93
Hamburg,2024-11-22,26.0,35.1,9.1,7.19
Hamburg,2024-11-23,20.9,38.8,9.97,5.43
Hamburg,2024-11-24,24.8,47.2,10.7,5.2
Hamburg,2024-11-25,31.6,36.5,14.6,10.5
Hamburg,2024-11-26,29.8,28.2,16.9,13.1
Hamburg,2024-11-27,25.3,43.9,5.2,2.66
Hamburg,2024-11-28,38.0,17.4,11.5,6.67
Hamburg,2024-11-29,30.1,26.6,12.0,9.04
Hamburg,2024-11-30,29.5,17.3,15.8,12.3
Hamburg,2024-12-01,34.0,12.4,16.9,13.6
Hamburg,2024-12-02,31.8,36.2,12.4,9.32
Hamburg,2024-12-03,21.0,36.4,8.23,6.14
Hamburg,2024-12-04,26.1,30.5,14.3,11.4
Hamburg,2024-12-05,32.4,32.6,8.11,6.01
Hamburg,2024-12-06,25.9,33.1,12.9,7.66
Hamburg,2024-12-07,19.5,29.2,15.6,11.9
Hamburg,2024-12-08,19.5,39.9,8.51,5.45
Hamburg,2024-12-09,23.5,54.4,9.19,4.93
Hamburg,2024-12-10,32.6,45.2,14.2,10.5
Hamburg,2024-12-11,37.4,25.6,15.2,11.0
Hamburg,2024-12-12,17.6,34.0,15.9,13.7
Hamburg,2024-12-13,22.4,16.1,25.8,22.7
Hamburg,2024-12-14,15.5,42.6,6.46,5.49
Hamburg,2024-12-15,12.7,54.6,6.39,5.13
Hamburg,2024-12-16,20.1,46.6,14.8,9.59
Hamburg,2024-12-17,24.0,36.9,10.4,7.94
Hamburg,2024-12-18,24.3,54.6,7.68,4.82
Hamburg,2024-12-19,21.9,58.0,12.1,7.34
Hamburg,2024-12-20,20.9,39.3,11.8,9.52
Hamburg,2024-12-21,15.3,60.1,6.34,4.65
Hamburg,2024-12-22,22.5,60.0,15.6,8.27
Hamburg,2024-12-23,31.5,33.5,14.9,8.89
Hamburg,2024-12-24,21.2,16.0,10.6,10.5
Hamburg,2024-12-25,25.3,13.1,7.43,7.25
Hamburg,2024-12-26,27.4,6.02,8.2,6.7
Hamburg,2024-12-27,28.6,1.04,12.6,9.75
Hamburg,2024-12-28,30.0,4.57,18.3,16.2
Hamburg,2024-12-29,20.3,29.2,13.8,13.6
Hamburg,2024-12-30,19.2,28.7,19.0,15.7
Hamburg,2024-12-31,10.1,53.7,27.3,12.1
Hamburg,2025-01-01,21.5,62.2,5.68,4.2
Hamburg,2025-01-02,19.9,64.7,3.59,4.09
Hamburg,2025-01-03,24.6,46.9,11.0,10.5
Hamburg,2025-01-04,18.5,39.9,17.8,13.9
Hamburg,2025-01-05,20.7,45.8,6.14,4.49
Hamburg,2025-01-06,22.2,53.0,7.51,5.99
Hamburg,2025-01-07,21.7,47.7,12.3,8.08
Hamburg,2025-01-08,44.1,18.1,22.6,15.5
Hamburg,2025-01-09,32.7,45.8,5.89,4.56
Hamburg,2025-01-10,23.8,51.4,10.2,3.66
Hamburg,2025-01-11,29.6,49.9,8.05,3.22
Hamburg,2025-01-12,49.6,7.69,28.4,22.7
Hamburg,2025-01-13,33.8,20.1,30.4,25.9
Hamburg,2025-01-14,40.4,51.5,14.6,9.08
Hamburg,2025-01-15,29.6,31.8,11.6,11.5
Hamburg,2025-01-16,30.9,12.2,13.9,14.8
Hamburg,2025-01-17,39.8,4.71,25.5,16.7
Hamburg,2025-01-18,26.5,8.2,16.2,14.3
Hamburg,2025-01-19,29.3,2.28,22.7,21.9
Hamburg,2025-01-20,33.8,9.21,30.0,26.3
Hamburg,2025-01-21,33.8,9.47,31.1,24.8
Hamburg,2025-01-22,30.7,26.8,14.3,11.8
Hamburg,2025-01-23,25.4,40.8,10.1,7.18
Hamburg,2025-01-24,33.6,40.3,10.6,7.59
Hamburg,2025-01-25,38.3,46.8,9.89,7.59
Hamburg,2025-01-26,27.9,44.4,6.36,3.4
Hamburg,2025-01-27,38.5,34.0,11.5,4.44
Hamburg,2025-01-28,31.0,37.8,7.9,4.67
Hamburg,2025-01-29,34.0,37.0,19.2,11.4
Hamburg,2025-01-30,28.2,49.0,11.4,6.31
Hamburg,2025-01-31,42.2,17.2,27.5,23.4
Hamburg,2025-02-01,42.1,15.7,21.7,17.6
Hamburg,2025-02-02,48.4,10.8,33.0,29.0
Hamburg,2025-02-03,42.8,5.46,44.9,37.9
Hamburg,2025-02-04,33.2,16.4,29.5,24.9
Hamburg,2025-02-05,39.4,40.3,23.4,13.0
Hamburg,2025-02-06,20.0,59.3,9.41,4.05
Hamburg,2025-02-07,22.0,34.9,30.8,26.2
Hamburg,2025-02-08,18.8,33.7,35.4,32.4
Hamburg,2025-02-09,17.6,38.1,36.5,32.6
Hamburg,2025-02-10,25.2,42.6,33.3,28.0
Hamburg,2025-02-11,22.8,32.6,47.6,45.5
Hamburg,2025-02-12,34.4,33.1,45.9,43.0
Hamburg,2025-02-13,38.3,44.7,16.7,10.6
Hamburg,2025-02-14,44.0,33.1,27.6,17.6
Hamburg,2025-02-15,21.9,56.0,16.1,7.04
Hamburg,2025-02-16,46.3,45.6,34.0,10.9
Hamburg,2025-02-17,57.6,29.3,39.2,22.0
Hamburg,2025-02-18,30.2,52.3,22.7,10.4
Hamburg,2025-02-19,27.1,46.6,27.7,19.0
Hamburg,2025-02-20,32.1,17.7,34.4,30.9
Hamburg,2025-02-21,31.8,21.5,32.2,27.2
Hamburg,2025-02-22,26.6,45.1,20.2,15.8
Hamburg,2025-02-23,31.0,41.8,14.4,8.63
Hamburg,2025-02-24,37.9,47.7,16.1,13.3
Hamburg,2025-02-25,54.0,11.6,31.8,19.0
Hamburg,2025-02-26,36.0,36.3,18.8,13.6
Hamburg,2025-02-27,31.9,40.8,14.5,11.5
Hamburg,2025-02-28,16.4,35.8,14.6,13.9
Hamburg,2025-03-01,20.3,60.9,15.5,13.7
Hamburg,2025-03-02,24.8,70.0,24.1,17.7
Hamburg,2025-03-03,39.1,58.3,22.6,21.0
Hamburg,2025-03-04,41.9,48.8,39.4,35.8
Hamburg,2025-03-05,72.0,31.6,40.8,28.2
Hamburg,2025-03-06,75.0,37.8,46.4,28.7
Hamburg,2025-03-07,60.9,51.1,48.1,28.7
Hamburg,2025-03-08,41.3,82.6,43.7,37.4
Hamburg,2025-03-09,60.0,29.0,65.3,59.6
Hamburg,2025-03-10,46.6,27.7,37.7,33.1
Hamburg,2025-03-11,36.7,39.7,11.6,7.39
Hamburg,2025-03-12,45.3,51.1,14.8,6.22
Hamburg,2025-03-13,37.2,39.2,11.8,7.37
Hamburg,2025-03-14,27.0,56.3,13.6,8.92
Hamburg,2025-03-15,39.2,45.1,17.8,11.5
Hamburg,2025-03-16,37.2,65.0,11.2,2.74
Hamburg,2025-03-17,58.2,44.3,17.0,11.1
Hamburg,2025-03-18,62.0,38.4,33.9,14.7
Hamburg,2025-03-19,67.4,42.8,35.9,20.7
Hamburg,2025-03-20,61.2,52.9,47.6,27.2
Hamburg,2025-03-21,17.9,87.6,34.4,17.8
Hamburg,2025-03-22,22.7,81.0,31.5,23.7
Hamburg,2025-03-23,44.7,49.7,47.9,35.4
Hamburg,2025-03-24,27.4,72.5,40.0,30.6
Hamburg,2025-03-25,25.1,63.8,11.1,5.36
Hamburg,2025-03-26,30.4,52.4,16.6,12.8
Hamburg,2025-03-27,39.0,52.3,29.7,21.6
Hamburg,2025-03-28,30.9,69.4,14.5,7.72
Hamburg,2025-03-29,29.7,64.6,16.3,10.2
Hamburg,2025-03-30,29.0,62.6,9.97,4.25
Hamburg,2025-03-31,42.1,48.9,15.3,4.48
Hamburg,2025-04-01,32.4,53.4,21.5,10.3
Hamburg,2025-04-02,36.9,61.9,14.7,5.16
Hamburg,2025-04-03,48.4,52.1,27.0,10.3
Hamburg,2025-04-04,19.2,68.8,12.1,3.16
Hamburg,2025-04-05,27.8,70.4,9.24,2.43
Hamburg,2025-04-06,49.8,58.3,16.9,5.0
Hamburg,2025-04-07,41.4,55.6,26.7,12.7
Hamburg,2025-04-08,29.8,65.8,20.1,10.6
Hamburg,2025-04-09,19.8,80.1,23.3,12.3
Hamburg,2025-04-10,18.7,86.1,22.8,11.2
Hamburg,2025-04-11,30.1,84.9,22.4,12.4
Hamburg,2025-04-12,19.8,77.5,19.2,10.2
Hamburg,2025-04-13,40.4,64.3,22.4,14.9
Hamburg,2025-04-14,28.9,82.6,22.4,10.2
Hamburg,2025-04-15,34.4,56.6,22.0,11.9
Hamburg,2025-04-16,24.7,54.5,17.9,11.9
Hamburg,2025-04-17,17.2,62.9,10.2,5.65
Hamburg,2025-04-18,22.2,65.3,14.6,11.4
Hamburg,2025-04-19,23.5,53.7,28.1,19.7
Hamburg,2025-04-20,33.7,42.7,25.0,20.3
Hamburg,2025-04-21,53.4,34.7,22.9,15.2
Hamburg,2025-04-22,45.8,64.3,27.5,17.2
Hamburg,2025-04-23,29.9,24.7,15.8,9.36
Hamburg,2025-04-24,32.6,-1.0,12.7,7.64
Hamburg,2025-04-25,30.6,-1.0,12.0,4.33
Hamburg,2025-04-26,25.6,-1.0,12.2,5.4
Hamburg,2025-04-27,52.3,-1.0,22.7,9.95
Hamburg,2025-04-28,38.8,-1.0,22.9,13.9
Hamburg,2025-04-29,35.1,-1.0,14.5,5.83
Hamburg,2025-04-30,32.3,-1.0,20.3,8.43
Hamburg,2025-05-01,41.0,-1.0,26.0,13.8
Hamburg,2025-05-03,13.2,-1.0,9.86,4.59
Hamburg,2025-05-04,30.1,-1.0,9.0,2.04
Hamburg,2025-05-05,38.1,-1.0,16.3,6.69
Hamburg,2025-05-06,41.1,-1.0,12.2,2.8
Hamburg,2025-05-07,41.6,-1.0,12.3,3.2
Hamburg,2025-05-08,45.7,-1.0,18.2,5.7
Hamburg,2025-05-09,26.4,-1.0,13.6,6.89
Hamburg,2025-05-10,18.5,-1.0,13.3,5.59
Hamburg,2025-05-11,24.0,-1.0,11.4,3.29
Hamburg,2025-05-12,38.4,-1.0,15.1,5.37
Hamburg,2025-05-13,26.5,-1.0,25.0,10.0
Hamburg,2025-05-14,27.0,-1.0,19.6,6.12
Hamburg,2025-05-15,29.2,-1.0,22.5,9.41
Hamburg,2025-05-16,24.9,-1.0,14.4,6.34
Hamburg,2025-05-17,20.1,-1.0,11.7,4.43
Hamburg,2025-05-18,35.5,-1.0,16.0,5.04
Hamburg,2025-05-19,29.1,-1.0,20.3,7.27
Hamburg,2025-05-20,15.0,-1.0,29.4,12.3
Hamburg,2025-05-21,18.2,-1.0,14.9,5.26
Hamburg,2025-05-22,17.8,-1.0,8.53,3.55
Hamburg,2025-05-23,14.9,-1.0,15.4,7.43
Hamburg,2025-05-24,16.4,-1.0,9.84,7.19
Hamburg,2025-05-25,25.2,-1.0,14.2,6.91
Hamburg,2025-05-26,24.0,-1.0,15.4,7.94
Hamburg,2025-05-27,19.9,-1.0,6.67,3.2
Hamburg,2025-05-28,17.3,-1.0,9.98,5.16
Hamburg,2025-05-29,12.9,-1.0,12.6,8.73
Hamburg,2025-05-30,22.5,-1.0,13.6,7.49
Hamburg,2025-05-31,19.7,-1.0,16.0,9.18
Hamburg,2025-06-01,27.1,-1.0,16.2,8.63
Hamburg,2025-06-02,27.1,-1.0,15.1,8.11
Hamburg,2025-06-03,31.6,-1.0,16.1,10.2
Hamburg,2025-06-04,27.0,-1.0,13.3,6.68
Hamburg,2025-06-05,17.2,-1.0,8.55,4.59
Hamburg,2025-06-06,21.4,-1.0,9.63,5.46
Hamburg,2025-06-07,9.67,-1.0,9.04,3.67
Hamburg,2025-06-08,14.7,-1.0,10.8,7.51
Hamburg,2025-06-09,27.6,-1.0,19.7,17.4
Hamburg,2025-06-10,23.3,-1.0,16.1,8.53
Hamburg,2025-06-11,31.0,-1.0,15.0,5.93
Hamburg,2025-06-12,30.3,-1.0,15.5,6.18
Hamburg,2025-06-13,28.7,-1.0,17.7,7.53
Hamburg,2025-06-14,22.1,-1.0,19.0,11.6
Hamburg,2025-06-15,16.7,-1.0,11.6,6.07
Hamburg,2025-06-16,17.3,-1.0,12.3,7.82
Hamburg,2025-06-17,25.3,-1.0,18.1,9.6
Hamburg,2025-06-18,17.4,-1.0,13.7,5.18
Hamburg,2025-06-19,26.3,-1.0,14.7,5.94
Hamburg,2025-06-20,33.1,-1.0,19.8,9.97
Hamburg,2025-06-21,37.2,-1.0,27.6,15.0
Hamburg,2025-06-22,18.2,-1.0,16.2,9.15
Hamburg,2025-06-23,12.7,-1.0,14.9,8.03
Hamburg,2025-06-24,17.9,-1.0,12.7,6.57
Hamburg,2025-06-25,27.4,-1.0,14.4,6.57
Hamburg,2025-06-26,14.3,-1.0,12.2,6.65
Hamburg,2025-06-27,19.2,-1.0,16.7,8.07
Hamburg,2025-06-28,12.5,-1.0,14.6,6.77
Hamburg,2025-06-29,29.4,-1.0,18.8,8.62
Hamburg,2025-06-30,37.6,-1.0,16.1,5.64
Hamburg,2025-07-01,45.8,-1.0,26.5,9.32
Hamburg,2025-07-02,19.9,-1.0,14.4,5.41
Hamburg,2025-07-03,21.5,-1.0,11.9,4.41
Hamburg,2025-07-04,26.9,-1.0,16.8,6.47
Hamburg,2025-07-05,20.9,-1.0,12.6,6.62
Hamburg,2025-07-06,21.8,-1.0,8.76,4.31
Hamburg,2025-07-07,12.3,-1.0,10.7,5.28
Hamburg,2025-07-08,19.0,-1.0,13.8,5.21
Hamburg,2025-07-09,22.5,-1.0,11.5,4.94
Hamburg,2025-07-10,20.5,-1.0,11.0,4.4
Hamburg,2025-07-11,20.9,-1.0,13.7,6.87
Hamburg,2025-07-12,21.3,-1.0,9.9,5.2
Hamburg,2025-07-13,29.7,-1.0,16.2,9.23
Hamburg,2025-07-14,25.7,-1.0,14.4,6.98
Hamburg,2025-07-15,35.9,-1.0,12.5,5.83
Hamburg,2025-07-16,21.5,-1.0,16.4,9.63
Hamburg,2025-07-17,29.4,-1.0,19.3,13.9
Hamburg,2025-07-18,27.6,-1.0,15.0,8.29
Hamburg,2025-07-19,22.1,-1.0,18.8,11.0
Hamburg,2025-07-20,25.8,-1.0,14.8,7.65
Hamburg,2025-07-21,23.5,-1.0,10.9,6.92
Hamburg,2025-07-22,12.2,-1.0,9.19,5.21
Hamburg,2025-07-23,18.5,-1.0,10.9,6.8
Hamburg,2025-07-24,23.6,-1.0,15.7,9.85
Hamburg,2025-07-25,23.1,-1.0,13.9,7.94
Hamburg,2025-07-26,28.6,-1.0,19.5,12.9
Hamburg,2025-07-27,30.9,36.3,13.8,5.89
Hamburg,2025-07-28,19.6,50.4,9.9,5.04
Hamburg,2025-07-29,12.7,41.7,9.1,5.13
Hamburg,2025-07-30,12.7,46.6,8.05,4.31
Hamburg,2025-07-31,21.4,42.5,9.94,5.51
Hamburg,2025-08-01,16.3,44.8,7.98,4.48
Hamburg,2025-08-02,13.0,35.0,6.31,3.29
Hamburg,2025-08-03,21.2,56.5,10.5,5.68
Hamburg,2025-08-04,11.1,54.9,12.7,5.86
Hamburg,2025-08-05,14.4,50.4,13.6,6.41
Hamburg,2025-08-06,32.6,51.5,18.7,8.48
Hamburg,2025-08-07,33.5,66.6,18.6,8.08
Hamburg,2025-08-08,27.0,58.9,17.7,9.55
Hamburg,2025-08-09,14.8,61.3,14.6,6.26
Hamburg,2025-08-10,31.1,52.5,18.7,7.5
Hamburg,2025-08-11,38.7,65.0,25.5,8.36
Hamburg,2025-08-12,34.4,87.1,25.6,9.7
Hamburg,2025-08-13,50.2,95.5,35.6,16.1
Hamburg,2025-08-14,31.1,76.3,31.3,19.9
Hamburg,2025-08-15,10.7,77.4,18.0,9.15
Hamburg,2025-08-16,14.0,63.4,13.6,5.62
Hamburg,2025-08-17,34.5,47.5,11.2,3.56
Hamburg,2025-08-18,34.6,50.7,14.6,5.42
Hamburg,2025-08-19,19.1,61.9,12.4,4.08
Hamburg,2025-08-20,26.6,52.3,11.5,2.99
Hamburg,2025-08-21,23.2,54.9,8.55,3.29
Hamburg,2025-08-22,14.1,55.9,6.65,2.38
Hamburg,2025-08-23,16.4,48.8,7.72,3.72
Hamburg,2025-08-24,25.1,53.2,9.11,3.4
Hamburg,2025-08-25,37.1,45.8,13.9,6.45
Hamburg,2025-08-26,28.4,63.0,17.5,6.93
Hamburg,2025-08-27,37.7,41.9,16.4,9.61
Hamburg,2025-08-28,32.7,43.3,12.6,8.16
Hamburg,2025-08-29,25.8,51.0,14.3,8.8
Hamburg,2025-08-30,24.0,42.6,9.56,5.68
Hamburg,2025-08-31,30.2,37.6,9.81,4.72
Hamburg,2025-09-01,31.2,28.8,11.8,8.18
Hamburg,2025-09-02,25.5,39.1,12.1,5.86
München,2024-09-04,18.4,81.6,16.2,11.1
München,2024-09-05,31.6,32.0,15.5,3.83
München,2024-09-06,42.7,60.5,25.3,16.9
München,2024-09-07,18.1,56.0,21.5,13.4
München,2024-09-08,14.4,59.9,5.45,3.59
München,2024-09-09,27.6,54.2,11.3,7.24
München,2024-09-10,14.0,59.0,5.78,2.81
München,2024-09-11,28.1,38.6,5.07,1.23
München,2024-09-12,25.4,36.6,12.7,7.42
München,2024-09-13,27.0,44.4,8.21,6.09
München,2024-09-14,18.7,51.0,10.2,5.21
München,2024-09-15,28.8,40.0,9.71,8.1
München,2024-09-16,18.4,37.6,7.92,7.28
München,2024-09-17,19.9,57.1,33.8,17.7
München,2024-09-18,25.8,63.9,27.1,17.2
München,2024-09-19,32.4,44.8,24.4,14.8
München,2024-09-20,35.8,36.4,26.5,15.9
München,2024-09-21,29.1,31.0,24.7,16.3
München,2024-09-22,30.5,29.4,22.3,13.7
München,2024-09-23,23.8,62.0,9.35,4.84
München,2024-09-24,24.4,54.8,9.9,5.31
München,2024-09-25,27.8,34.2,12.2,5.99
München,2024-09-26,23.1,47.6,6.91,2.85
München,2024-09-27,25.9,43.4,10.9,7.76
München,2024-09-28,19.3,48.7,7.95,3.11
München,2024-09-29,29.4,27.0,13.4,6.01
München,2024-09-30,31.4,33.8,17.0,7.92
München,2024-10-01,34.9,26.0,13.0,8.46
München,2024-10-02,23.8,18.2,14.8,9.32
München,2024-10-03,22.3,27.7,9.3,6.94
München,2024-10-04,25.8,27.6,10.9,7.55
München,2024-10-05,21.8,23.7,12.1,8.3
München,2024-10-06,26.7,21.3,13.9,5.78
München,2024-10-07,27.5,18.7,19.9,10.3
München,2024-10-08,20.8,41.9,8.49,2.71
München,2024-10-09,28.2,39.1,10.8,4.85
München,2024-10-10,23.3,36.2,8.2,3.27
München,2024-10-11,17.8,18.0,12.9,5.41
München,2024-10-12,17.5,47.7,7.95,3.62
München,2024-10-13,26.2,19.5,20.0,8.59
München,2024-10-14,22.2,19.2,25.5,16.7
München,2024-10-15,21.4,15.9,16.0,7.96
München,2024-10-16,29.9,10.5,25.9,11.7
München,2024-10-17,28.0,4.6,33.5,18.6
München,2024-10-18,21.8,16.7,20.4,12.8
München,2024-10-19,17.1,19.3,24.7,16.2
München,2024-10-20,16.9,11.1,18.4,8.82
München,2024-10-21,28.6,3.27,21.9,11.0
München,2024-10-22,21.9,16.3,15.9,9.44
München,2024-10-23,17.5,15.6,12.6,5.99
München,2024-10-24,17.6,11.7,16.7,9.43
München,2024-10-25,15.4,12.3,19.7,13.6
München,2024-10-26,16.7,12.7,16.6,11.4
München,2024-10-27,21.9,3.09,20.0,12.9
München,2024-10-28,26.3,3.6,27.8,16.4
München,2024-10-29,27.3,11.5,31.0,21.2
München,2024-10-30,21.7,18.5,24.8,18.0
München,2024-10-31,22.1,15.3,19.1,11.9
München,2024-11-01,20.8,22.5,22.0,15.3
München,2024-11-02,16.7,17.9,21.1,15.2
München,2024-11-03,19.0,14.7,21.4,15.7
München,2024-11-04,23.7,2.61,23.2,16.3
München,2024-11-05,27.3,4.42,26.4,16.7
München,2024-11-06,23.9,9.8,14.6,9.72
München,2024-11-07,19.8,10.2,12.3,8.15
München,2024-11-08,23.5,4.15,16.1,12.6
München,2024-11-09,27.1,8.46,16.1,12.6
München,2024-11-10,26.8,15.2,27.4,23.7
München,2024-11-11,22.3,13.1,34.3,29.4
München,2024-11-12,23.2,20.5,30.8,24.3
München,2024-11-13,23.2,19.0,15.9,10.8
München,2024-11-14,25.8,15.8,15.1,8.1
München,2024-11-16,22.6,12.3,21.5,16.3
München,2024-11-17,22.8,45.1,10.6,4.83
München,2024-11-18,15.4,54.8,6.85,2.03
München,2024-11-19,26.1,44.0,8.51,6.14
München,2024-11-20,26.7,45.5,15.3,4.18
München,2024-11-21,24.9,43.8,14.7,8.62
München,2024-11-22,21.9,49.0,11.5,4.46
München,2024-11-23,33.9,29.9,25.3,10.5
München,2024-11-24,49.8,10.0,40.6,16.2
München,2024-11-25,34.1,31.5,24.3,8.49
München,2024-11-26,29.6,14.6,19.8,9.12
München,2024-11-27,23.8,46.2,10.5,3.84
München,2024-11-28,27.7,29.0,24.8,9.11
München,2024-11-29,27.0,17.0,20.1,13.0
München,2024-11-30,30.7,3.85,24.7,18.7
München,2024-12-01,37.2,1.38,20.1,12.4
München,2024-12-02,26.7,33.0,12.4,5.54
München,2024-12-03,17.4,37.5,11.8,6.76
München,2024-12-04,28.8,26.5,13.0,7.15
München,2024-12-05,22.0,47.9,9.14,3.73
München,2024-12-06,26.3,36.7,11.1,5.67
München,2024-12-07,22.2,41.0,9.99,6.03
München,2024-12-08,17.8,24.0,13.4,11.3
München,2024-12-09,17.7,10.2,14.0,11.5
München,2024-12-10,18.9,11.7,17.0,11.9
München,2024-12-11,20.6,26.9,21.4,16.7
München,2024-12-12,20.6,23.9,20.4,15.5
München,2024-12-13,24.7,28.6,15.6,10.6
München,2024-12-14,16.2,42.3,9.62,6.87
München,2024-12-15,24.3,49.2,9.26,3.65
München,2024-12-16,32.9,21.3,21.4,11.8
München,2024-12-17,44.6,14.6,17.5,8.65
München,2024-12-18,36.1,29.3,17.9,7.29
München,2024-12-19,25.8,41.2,10.3,6.16
München,2024-12-20,15.9,55.6,8.91,4.27
München,2024-12-21,13.0,66.7,4.72,3.11
München,2024-12-22,27.5,44.9,9.42,6.2
München,2024-12-23,22.0,41.5,14.6,8.69
München,2024-12-24,22.2,33.7,12.8,7.32
München,2024-12-25,23.0,19.8,20.6,15.6
München,2024-12-26,31.2,7.6,25.3,21.1
München,2024-12-27,41.8,2.11,33.5,28.8
München,2024-12-28,38.3,6.22,26.7,23.0
München,2024-12-29,35.3,4.05,25.4,21.4
München,2024-12-30,37.7,1.47,36.1,30.1
München,2024-12-31,37.5,33.7,128.0,106.0
München,2025-01-01,18.3,60.1,12.4,7.58
München,2025-01-02,24.5,43.8,9.74,8.28
München,2025-01-03,22.8,41.4,10.9,7.59
München,2025-01-04,25.6,35.8,13.8,9.71
München,2025-01-05,42.2,20.6,15.8,10.5
München,2025-01-06,17.5,59.3,7.16,2.8
München,2025-01-07,28.6,36.5,8.66,4.9
München,2025-01-08,23.7,43.1,9.0,2.82
München,2025-01-09,28.9,43.1,14.5,6.58
München,2025-01-10,26.9,31.5,19.9,11.7
München,2025-01-11,22.5,35.4,18.9,14.0
München,2025-01-12,25.3,34.7,14.2,9.19
München,2025-01-13,37.8,18.0,28.8,18.5
München,2025-01-14,44.1,8.79,28.9,19.3
München,2025-01-15,27.2,17.3,17.4,15.1
München,2025-01-16,20.0,29.4,15.5,12.8
München,2025-01-17,20.3,25.6,22.1,19.3
München,2025-01-18,33.7,8.01,31.8,25.8
München,2025-01-19,42.4,2.17,40.6,26.9
München,2025-01-20,41.2,2.19,52.3,39.0
München,2025-01-21,37.0,2.18,29.1,20.5
München,2025-01-22,38.9,17.8,16.9,12.3
München,2025-01-23,38.3,26.4,22.5,7.83
München,2025-01-24,46.1,22.9,32.0,10.2
München,2025-01-25,26.4,50.4,17.8,5.9
München,2025-01-26,37.3,27.7,23.1,7.56
München,2025-01-27,24.7,53.2,6.05,2.74
München,2025-01-28,28.7,46.4,15.4,5.21
München,2025-01-29,46.0,13.2,25.2,9.84
München,2025-01-30,25.0,44.8,12.5,5.74
München,2025-01-31,23.1,41.7,17.3,8.61
München,2025-02-01,20.4,30.7,20.7,14.4
München,2025-02-02,23.5,22.2,19.9,14.6
München,2025-02-03,27.5,19.4,21.7,16.4
München,2025-02-04,37.0,10.3,28.9,19.6
München,2025-02-05,23.3,28.5,28.4,21.6
München,2025-02-06,23.3,37.9,21.9,15.5
München,2025-02-07,37.0,22.0,38.4,28.0
München,2025-02-08,39.2,14.6,56.6,45.7
München,2025-02-09,38.6,9.08,61.9,51.1
München,2025-02-10,34.8,13.0,40.3,31.1
München,2025-02-11,34.9,14.3,27.0,19.9
München,2025-02-12,25.0,38.7,11.6,6.31
München,2025-02-13,25.6,40.1,26.0,20.9
München,2025-02-14,21.4,41.2,28.4,22.7
München,2025-02-15,18.1,48.4,15.5,12.4
München,2025-02-16,24.3,49.7,25.6,16.0
München,2025-02-17,24.3,53.7,34.6,22.4
München,2025-02-18,27.3,48.3,30.7,19.9
München,2025-02-19,50.6,13.7,48.5,27.2
München,2025-02-20,37.7,25.9,34.1,17.5
München,2025-02-21,43.1,13.3,54.0,33.8
München,2025-02-22,32.3,34.7,28.0,14.7
München,2025-02-23,35.8,29.4,26.0,8.74
München,2025-02-24,33.6,41.6,26.5,8.24
München,2025-02-25,24.6,53.0,12.8,3.04
München,2025-02-26,24.0,39.4,12.1,5.35
München,2025-02-27,29.6,46.7,22.1,8.8
München,2025-02-28,23.4,44.1,15.5,8.34
München,2025-03-01,17.9,49.1,15.0,9.45
München,2025-03-02,32.1,37.1,24.3,13.0
München,2025-03-03,44.3,41.0,33.9,17.5
München,2025-03-04,46.9,25.3,31.7,17.9
München,2025-03-05,53.1,30.1,35.6,16.4
München,2025-03-06,51.1,32.9,36.8,19.1
München,2025-03-07,42.8,44.8,26.7,14.1
München,2025-03-08,43.7,37.7,28.2,13.7
München,2025-03-09,44.8,34.7,34.4,14.2
München,2025-03-10,29.0,46.5,17.0,7.85
München,2025-03-11,39.9,21.8,29.5,16.8
München,2025-03-12,27.0,40.4,13.4,9.64
München,2025-03-13,25.3,45.0,13.6,7.59
München,2025-03-14,15.6,44.9,15.2,11.7
München,2025-03-15,16.1,41.4,11.7,9.75
München,2025-03-16,20.5,54.4,14.5,9.98
München,2025-03-17,16.6,65.8,11.0,5.68
München,2025-03-18,35.3,38.2,25.0,14.6
München,2025-03-19,37.5,39.2,20.8,11.9
München,2025-03-20,31.9,45.9,19.5,10.4
München,2025-03-21,24.7,56.2,29.4,17.8
München,2025-03-22,22.8,51.4,19.0,11.5
München,2025-03-23,28.6,42.4,16.3,7.31
München,2025-03-24,27.2,44.3,21.1,12.5
München,2025-03-25,26.4,56.3,30.7,19.3
München,2025-03-26,23.5,39.8,15.6,10.0
München,2025-03-27,27.4,40.9,25.6,15.7
München,2025-03-28,27.2,39.0,29.9,23.4
München,2025-03-29,18.1,60.0,16.0,11.7
München,2025-03-30,19.7,55.3,13.6,7.5
München,2025-03-31,19.1,48.9,13.9,8.73
München,2025-04-01,16.0,64.6,18.4,12.3
München,2025-04-02,21.7,71.2,17.5,11.9
München,2025-04-03,32.1,58.4,19.6,11.1
München,2025-04-04,31.3,58.0,24.1,14.6
München,2025-04-05,13.1,73.4,6.88,3.19
München,2025-04-06,18.6,69.1,10.8,4.16
München,2025-04-07,25.5,60.9,16.0,5.9
München,2025-04-08,31.7,57.7,26.2,10.8
München,2025-04-09,28.5,64.2,27.1,14.6
München,2025-04-10,34.1,58.1,31.4,17.1
München,2025-04-11,30.8,59.6,24.7,12.3
München,2025-04-12,26.5,65.4,23.6,13.0
München,2025-04-13,32.8,54.7,30.3,15.7
München,2025-04-14,30.2,54.2,21.0,10.4
München,2025-04-15,27.6,52.4,23.3,10.1
München,2025-04-16,17.9,43.2,25.9,14.6
München,2025-04-17,13.0,46.8,6.53,3.3
München,2025-04-18,18.9,55.0,10.9,5.69
München,2025-04-19,15.5,66.9,14.2,7.34
München,2025-04-20,14.0,75.3,8.4,5.16
München,2025-04-21,15.8,62.5,7.69,3.39
München,2025-04-22,16.6,76.6,19.1,8.65
München,2025-04-23,17.2,24.4,10.5,4.11
München,2025-04-24,17.9,-1.0,13.9,7.18
München,2025-04-25,15.7,-1.0,13.8,8.42
München,2025-04-26,17.6,-1.0,12.9,8.49
München,2025-04-27,31.9,-1.0,22.0,14.4
München,2025-04-28,33.9,-1.0,22.8,12.4
München,2025-04-29,37.8,-1.0,21.6,12.1
München,2025-04-30,24.3,-1.0,20.0,10.6
München,2025-05-01,30.9,-1.0,22.3,13.3
München,2025-05-03,12.5,-1.0,12.5,6.58
München,2025-05-04,19.8,-1.0,7.33,4.0
München,2025-05-05,15.6,-1.0,9.92,5.26
München,2025-05-06,19.8,-1.0,16.7,11.3
München,2025-05-07,20.9,-1.0,21.9,14.5
München,2025-05-08,18.2,-1.0,17.8,11.7
München,2025-05-09,22.1,-1.0,15.1,8.95
München,2025-05-10,22.9,-1.0,15.5,9.52
München,2025-05-11,18.8,-1.0,13.8,8.23
München,2025-05-12,22.4,-1.0,16.1,10.5
München,2025-05-13,31.9,-1.0,21.5,11.3
München,2025-05-14,21.9,-1.0,21.5,11.7
München,2025-05-15,24.7,-1.0,16.5,7.67
München,2025-05-16,19.1,-1.0,17.3,9.62
München,2025-05-17,14.5,-1.0,15.5,10.4
München,2025-05-18,26.5,-1.0,17.5,11.1
München,2025-05-19,25.2,-1.0,16.4,9.15
München,2025-05-20,24.5,-1.0,21.4,13.4
München,2025-05-21,24.5,-1.0,21.9,12.2
München,2025-05-22,22.1,-1.0,16.8,8.31
München,2025-05-23,21.5,-1.0,15.4,9.16
München,2025-05-24,13.0,-1.0,14.9,8.65
München,2025-05-25,16.4,-1.0,14.0,8.38
München,2025-05-26,24.2,-1.0,16.7,8.51
München,2025-05-27,19.8,-1.0,14.5,7.19
München,2025-05-28,15.4,-1.0,13.8,8.34
München,2025-05-29,23.1,-1.0,15.8,9.06
München,2025-05-30,24.8,-1.0,17.0,10.8
München,2025-05-31,18.7,-1.0,17.8,10.7
München,2025-06-01,19.3,-1.0,18.4,8.97
München,2025-06-02,17.5,-1.0,14.6,6.33
München,2025-06-03,19.7,-1.0,15.4,7.8
München,2025-06-04,14.8,-1.0,8.56,4.88
München,2025-06-05,14.6,-1.0,11.8,5.75
München,2025-06-06,12.1,-1.0,9.06,5.49
München,2025-06-07,11.8,-1.0,18.7,10.4
München,2025-06-08,11.5,-1.0,15.0,10.6
München,2025-06-09,25.5,-1.0,45.3,34.9
München,2025-06-10,20.2,-1.0,22.1,17.2
München,2025-06-11,19.9,-1.0,18.6,11.7
München,2025-06-12,25.0,-1.0,21.7,14.1
München,2025-06-13,22.9,-1.0,19.5,12.7
München,2025-06-14,15.4,-1.0,24.8,14.0
München,2025-06-15,15.2,-1.0,16.1,8.47
München,2025-06-16,16.7,-1.0,22.0,9.4
München,2025-06-17,26.3,-1.0,19.4,12.1
München,2025-06-18,21.3,-1.0,24.7,17.7
München,2025-06-19,18.3,-1.0,14.2,9.22
München,2025-06-20,19.8,-1.0,15.8,9.99
München,2025-06-21,19.4,-1.0,18.2,12.5
München,2025-06-22,23.1,-1.0,29.1,17.0
München,2025-06-23,18.6,-1.0,24.3,9.55
München,2025-06-24,25.3,-1.0,24.1,10.6
München,2025-06-25,23.5,-1.0,27.4,11.9
München,2025-06-26,19.8,-1.0,17.4,8.98
München,2025-06-27,17.0,-1.0,13.3,8.9
München,2025-06-28,18.4,-1.0,15.6,10.9
München,2025-06-29,28.6,-1.0,20.5,13.4
München,2025-06-30,22.7,-1.0,18.0,10.7
München,2025-07-01,25.0,-1.0,20.2,12.0
München,2025-07-02,23.6,-1.0,22.7,12.5
München,2025-07-03,20.8,-1.0,18.3,12.2
München,2025-07-04,18.5,-1.0,21.0,12.6
München,2025-07-05,17.0,-1.0,14.3,8.1
München,2025-07-06,13.1,-1.0,10.9,5.98
München,2025-07-07,15.8,-1.0,7.17,4.34
München,2025-07-08,20.9,-1.0,16.1,7.56
München,2025-07-09,25.0,-1.0,18.0,8.71
München,2025-07-10,22.3,-1.0,18.8,10.5
München,2025-07-11,15.6,-1.0,12.1,7.98
München,2025-07-12,16.1,-1.0,14.1,9.41
München,2025-07-13,19.1,-1.0,12.6,7.96
München,2025-07-14,17.5,-1.0,15.1,7.94
München,2025-07-15,16.5,-1.0,15.9,9.14
München,2025-07-16,22.0,-1.0,12.3,6.87
München,2025-07-17,24.0,-1.0,14.7,8.88
München,2025-07-18,22.1,-1.0,18.6,12.4
München,2025-07-19,12.6,-1.0,12.3,6.91
München,2025-07-20,15.0,-1.0,7.36,5.71
München,2025-07-21,14.9,-1.0,11.9,6.17
München,2025-07-22,20.7,-1.0,12.4,6.82
München,2025-07-23,29.2,-1.0,15.0,9.23
München,2025-07-24,24.5,22.8,21.0,12.7
München,2025-07-25,25.4,16.6,17.0,10.9
München,2025-07-26,13.5,-1.0,8.82,6.37
München,2025-07-27,18.9,28.2,11.2,5.9
München,2025-07-28,20.4,46.4,13.1,8.23
München,2025-07-29,22.6,38.5,13.9,8.48
München,2025-07-30,20.5,45.3,10.9,7.49
München,2025-07-31,17.7,43.6,10.3,6.53
München,2025-08-01,19.6,39.6,10.2,6.49
München,2025-08-02,11.9,52.6,7.4,8.94
München,2025-08-03,18.3,32.3,12.3,12.6
München,2025-08-04,19.4,36.9,17.0,9.55
München,2025-08-05,22.2,56.8,11.9,6.13
München,2025-08-06,29.3,57.3,21.1,11.0
München,2025-08-07,34.6,63.5,23.4,13.6
München,2025-08-08,29.2,71.7,27.7,15.8
München,2025-08-09,17.0,89.0,28.9,16.7
München,2025-08-10,20.5,86.3,23.6,13.9
München,2025-08-11,22.9,86.0,26.1,15.0
München,2025-08-12,31.4,65.8,33.8,16.9
München,2025-08-13,28.8,78.5,36.3,15.8
München,2025-08-14,26.1,83.7,34.9,17.9
München,2025-08-15,20.8,95.4,23.2,12.3
München,2025-08-16,16.6,66.8,25.9,17.5
München,2025-08-17,20.0,66.3,12.8,6.7
München,2025-08-18,24.2,69.2,16.4,8.24
München,2025-08-19,22.3,61.8,24.1,13.5
München,2025-08-20,23.9,39.8,19.7,13.7
München,2025-08-21,21.1,55.4,14.7,9.68
München,2025-08-22,18.8,63.3,13.0,7.74
München,2025-08-23,14.9,71.8,10.4,6.34
München,2025-08-24,23.7,57.2,16.7,8.69
München,2025-08-25,24.6,60.3,18.5,10.1
München,2025-08-26,19.3,78.2,23.1,14.1
München,2025-08-27,19.4,49.3,15.5,10.1
München,2025-08-28,18.0,54.6,6.85,4.01
München,2025-08-29,17.3,45.4,8.18,4.82
München,2025-08-30,11.3,43.7,6.35,3.89
München,2025-08-31,20.4,41.5,12.5,7.91
München,2025-09-01,20.0,41.8,8.52,4.13
München,2025-09-02,16.4,37.4,10.6,4.39
